Player,Mat,Inns,Runs,HS,Ave,BF,SR,100s,50s,0s,4s,6s,BT
V Kohli (INDIA),75,70,2633,94,52.66,1907,138.07,5,24,2,247,71,0
RG Sharma (INDIA),104,96,2633,118,32.1,1905,138.21,4,19,6,234,120,1
MJ Guptill (NZ),83,80,2436,105,33.36,1810,134.58,2,15,2,215,113,0
Shoaib Malik (ICC/PAK),111,104,2263,75,30.58,1824,124.06,0,7,1,186,61,0
BB McCullum (NZ),71,70,2140,123,35.66,1571,136.21,2,13,3,199,91,0
DA Warner (AUS),76,76,2079,100,30.57,1476,140.85,1,15,5,203,86,0
EJG Morgan (ENG),86,84,2002,91,29.88,1475,135.72,0,11,3,151,96,1
Mohammad Shahzad (AFG),65,65,1936,118,31.22,1436,134.81,1,12,3,218,72,0
JP Duminy (SA),81,75,1934,96,38.68,1532,126.24,0,11,6,138,71,1
PR Stirling (IRE),72,71,1929,91,29.67,1401,137.68,0,16,8,233,59,0
Mohammad Hafeez (PAK),89,86,1908,86,24.46,1643,116.12,0,10,6,196,51,1
TM Dilshan (SL),80,79,1889,104,28.19,1567,120.54,1,13,10,223,33,1
AJ Finch (AUS),58,58,1878,172,38.32,1200,156.5,2,11,4,182,90,0
LRPL Taylor (NZ),95,87,1743,63,25.63,1430,121.88,0,5,5,110,65,0
Umar Akmal (PAK),84,79,1690,94,26,1377,122.73,0,8,10,122,55,0
AB de Villiers (SA),78,75,1672,79,26.12,1237,135.16,0,10,5,140,60,1
H Masakadza (ZIM),66,66,1662,93,25.96,1418,117.2,0,11,1,151,65,0
AD Hales (ENG),60,60,1644,116,31.01,1203,136.65,1,8,4,175,55,1
CH Gayle (WI),58,54,1627,117,32.54,1139,142.84,2,13,3,138,105,1
MS Dhoni (INDIA),98,85,1617,56,37.6,1282,126.13,0,2,1,116,52,0
Tamim Iqbal (BDESH/ICC/World),75,75,1613,103,23.04,1383,116.63,1,6,6,174,41,0
MN Samuels (WI),67,65,1611,89,29.29,1386,116.23,0,10,0,144,69,0
SK Raina (INDIA),78,66,1605,101,29.18,1190,134.87,1,5,3,145,58,0
GJ Maxwell (AUS),61,54,1576,145,35.02,985,160,3,7,1,133,81,1
Shakib Al Hasan (BDESH),76,76,1567,84,23.74,1266,123.77,0,9,5,163,33,1
C Munro (NZ),60,57,1546,109,30.92,966,160.04,3,9,5,114,100,1
KS Williamson (NZ),57,55,1505,73,31.35,1236,121.76,0,9,2,158,26,1
S Dhawan (INDIA),58,57,1504,92,27.85,1173,128.21,0,9,1,166,46,0
KJ O'Brien (IRE),90,83,1504,124,20.6,1124,133.8,1,3,10,117,69,0
DPMD Jayawardene (SL),55,55,1493,100,31.76,1121,133.18,1,9,4,173,33,1
Ahmed Shehzad (PAK),59,59,1471,111,25.8,1282,114.74,1,7,2,157,33,0
SR Watson (AUS),58,56,1462,124,29.24,1006,145.32,1,10,3,115,83,1
Mahmudullah (BDESH),83,76,1430,64,23.83,1166,122.64,0,4,2,113,48,0
Shahid Afridi (ICC/PAK),99,91,1416,54,17.92,944,150,0,4,8,103,73,1
Babar Azam (PAK),36,36,1405,97,50.17,1102,127.49,0,12,0,139,20,1
KJ Coetzer (SCOT),58,56,1386,89,25.66,1136,122,0,6,3,144,45,0
KC Sangakkara (SL),56,53,1382,78,31.4,1156,119.55,0,8,2,139,20,0
F du Plessis (SA/World),44,44,1363,119,35.86,1006,135.48,1,8,0,126,45,0
Mohammad Nabi (AFG),75,70,1316,89,22.3,902,145.89,0,4,4,83,78,1
DA Miller (SA/World),72,62,1309,101,29.75,935,140,1,2,0,91,57,0
HM Amla (SA/World),44,44,1277,97,33.6,967,132.05,0,8,2,146,26,0
Mushfiqur Rahim (BDESH),84,76,1265,72,20.07,1060,119.33,0,5,5,110,31,0
JC Buttler (ENG),66,58,1260,73,26.8,912,138.15,0,7,3,102,53,0
RD Berrington (SCOT),61,54,1247,100,28.34,967,128.95,1,3,6,117,36,0
GC Wilson (IRE),78,65,1239,65,21.73,1185,104.55,0,3,4,105,20,1
Yuvraj Singh (INDIA),58,51,1177,77,28.02,863,136.38,0,8,1,77,74,0
KP Pietersen (ENG),37,36,1176,79,37.93,831,141.51,0,7,1,119,32,1
MDKJ Perera (SL),42,42,1171,84,27.88,867,135.06,0,11,0,114,41,0
NLTC Perera (ICC/SL/World),79,70,1169,61,23.85,767,152.41,0,3,8,87,62,0
Asghar Afghan (AFG),66,60,1167,62,20.83,1102,105.89,0,3,4,69,58,0
DJ Bravo (WI),66,59,1142,66,24.29,981,116.41,0,4,4,67,49,1
KL Rahul (INDIA),34,31,1138,110,43.76,777,146.46,2,8,1,102,50,1
BN Cooper (NL),51,48,1094,91,28.05,890,122.92,0,7,5,96,36,0
WTS Porterfield (IRE),61,59,1079,72,20.35,971,111.12,0,3,5,120,23,1
KA Pollard (WI),68,58,1058,68,23,819,129.18,0,4,1,69,61,1
AD Mathews (SL),72,57,1055,81,27.05,893,118.14,0,5,1,67,35,1
CS MacLeod (SCOT),49,47,1042,74,26.05,905,115.13,0,7,4,93,21,0
Q de Kock (SA),38,38,1018,79,30.84,787,129.35,0,4,3,117,32,1
LMP Simmons (WI),49,48,990,82,24.14,848,116.74,0,6,6,92,37,0
Kamran Akmal (PAK),58,53,987,73,21,825,119.63,0,5,7,100,31,1
HG Munsey (SCOT),38,36,987,127,29.9,640,154.21,1,5,4,114,45,1
Samiullah Shinwari (AFG),62,55,985,61,21.88,829,118.81,0,2,2,73,37,1
CL White (AUS),47,44,984,85,32.8,740,132.97,0,5,3,71,44,0
GC Smith (SA),33,33,982,89,31.67,770,127.53,0,5,1,123,26,0
Shaiman Anwar (UAE),32,32,971,117,33.48,770,126.1,1,6,1,75,43,1
Sabbir Rahman (BDESH),44,43,946,80,24.89,783,120.81,0,4,2,89,28,0
G Gambhir (INDIA),37,36,932,75,27.41,783,119.02,0,7,2,109,10,0
Najibullah Zadran (AFG),57,48,918,69,30.6,663,138.46,0,3,1,60,48,0
JE Root (ENG),32,30,893,90,35.72,707,126.3,0,5,2,92,16,0
MP O'Dowd (NL),36,35,866,69,26.24,718,120.61,0,6,0,83,19,1
E Chigumbura (ZIM),54,53,852,54,19.36,597,142.71,0,3,6,58,51,1
E Lewis (WI),29,28,833,125,30.85,544,153.12,2,5,3,54,67,0
SC Williams (ZIM),38,38,821,66,24.87,630,130.31,0,6,4,75,24,1
BRM Taylor (ZIM),38,38,818,75,24.78,678,120.64,0,5,5,81,23,1
Sarfaraz Ahmed (PAK),58,41,812,89,28,641,126.67,0,3,2,79,15,1
LD Chandimal (SL),54,47,800,58,18.6,766,104.43,0,4,0,73,16,0
W Barresi (NL),42,41,799,75,22.82,695,114.96,0,4,3,69,21,1
Soumya Sarkar (BDESH),46,46,791,51,17.19,648,122.06,0,1,8,81,28,0
A Balbirnie (IRE),37,33,790,83,25.48,593,133.22,0,4,3,94,12,1
Misbah-ul-Haq (PAK),39,34,788,87,37.52,715,110.2,0,3,2,45,26,1
P Khadka (NEPAL),30,29,777,106,29.88,602,129.06,1,4,3,79,26,0
ADS Fletcher (WI),42,40,765,84,21.25,707,108.2,0,6,6,54,37,0
LJ Wright (ENG),51,45,759,99,18.97,554,137,0,4,9,68,31,1
Fakhar Zaman (PAK),34,33,756,91,22.9,553,136.7,0,4,2,86,22,0
DJ Hussey (AUS),39,36,756,88,22.9,623,121.34,0,3,4,41,34,0
MH Cross (SCOT),43,35,755,66,26.03,593,127.31,0,5,3,77,22,0
JJ Roy (ENG),32,32,743,78,23.21,512,145.11,0,4,4,75,35,0
SJ Myburgh (NL),33,32,741,71,24.7,635,116.69,0,5,6,82,22,1
J Charles (WI),34,33,724,84,21.93,595,121.68,0,4,4,84,26,1
MEK Hussey (AUS),38,30,721,60,37.94,529,136.29,0,4,1,58,25,0
RS Bopara (ENG),38,35,711,65,28.44,599,118.69,0,3,0,54,17,1
CK Kapugedera (SL),43,38,703,50,22.67,591,118.95,0,1,0,58,25,1
Muhammad Usman (UAE),34,32,695,89,25.74,593,117.2,0,3,3,61,21,1
CO Obuya (KENYA),35,33,691,75,25.59,649,106.47,0,4,3,47,17,0
TP Ura (PNG),23,23,671,107,37.27,476,140.96,1,4,0,54,31,1
JH Kallis (SA),25,23,666,73,35.05,558,119.35,0,5,0,56,20,1
PW Borren (NL),43,38,638,57,19.33,524,121.75,0,1,2,60,18,1
D Ramdin (WI),71,50,636,55,18.7,551,115.42,0,1,3,51,19,1
ST Jayasuriya (SL),31,30,629,88,23.29,487,129.15,0,4,4,76,23,1
CJ Chibhabha (ZIM),33,32,621,67,19.4,570,108.94,0,5,3,72,12,1
MR Swart (NL),26,25,621,89,27,537,115.64,0,4,1,53,16,0
MN Waller (ZIM),32,31,613,68,26.65,443,138.37,0,1,2,42,28,0
Rohan Mustafa (UAE),38,37,605,77,16.8,521,116.12,0,2,4,71,17,0
JM Bairstow (ENG),34,29,603,68,26.21,450,134,0,3,2,56,25,0
Jatinder Singh (OMAN),25,25,599,68,26.04,535,111.96,0,3,1,63,6,0
Salman Butt (PAK),24,23,595,74,28.33,551,107.98,0,3,1,66,10,1
RR Hendricks (SA),22,22,593,74,26.95,487,121.76,0,4,2,71,8,1
DJM Short (AUS),20,20,592,76,32.88,490,120.81,0,4,1,66,15,0
MK Pandey (INDIA),32,27,587,79,39.13,478,122.8,0,2,2,40,16,0
DJG Sammy (WI/World),68,52,587,42,17.26,398,147.48,0,0,3,45,31,0
PD Collingwood (ENG/World),36,33,583,79,18.8,459,127.01,0,3,3,37,24,0
DR Smith (WI),33,32,582,72,18.18,474,122.78,0,3,1,62,31,1
SB Styris (NZ),31,29,578,66,21.4,483,119.66,0,1,0,40,25,0
SPD Smith (AUS),36,28,577,90,27.47,448,128.79,0,4,1,53,12,1
Nizakat Khan (HKG),34,32,576,62,18,478,120.5,0,2,4,51,19,0
JA Morkel (SA),50,38,572,43,21.18,402,142.28,0,0,1,29,39,1
MJ Lumb (ENG),27,27,552,63,21.23,413,133.65,0,3,1,64,21,1
Zeeshan Maqsood (OMAN),29,25,542,56,25.8,481,112.68,0,2,2,66,12,0
Babar Hayat (HKG),24,24,541,122,27.05,433,124.94,1,2,2,45,20,1
Karim Sadiq (AFG),36,36,538,72,14.94,493,109.12,0,1,4,61,10,0
RN ten Doeschate (NL),22,22,533,59,44.41,400,133.25,0,3,1,27,19,0
C Kieswetter (ENG),25,25,526,63,21.91,470,111.91,0,3,2,47,23,1
RR Patel (KENYA),30,26,526,55,23.9,414,127.05,0,3,1,31,31,0
Hazratullah Zazai (AFG),13,13,519,162,43.25,319,162.69,1,2,1,46,37,1
F Behardien (SA),38,30,518,64,32.37,404,128.21,0,1,1,37,16,0
V Sibanda (ZIM),26,26,511,59,20.44,503,101.59,0,1,3,52,11,0
Noor Ali Zadran (AFG),20,20,506,63,26.63,497,101.81,0,3,1,45,6,0
Nawroz Mangal (AFG),32,32,505,65,18.03,453,111.47,0,2,4,42,19,0
Imran Nazir (PAK),25,24,500,72,21.73,370,135.13,0,3,2,59,22,1
Liton Das (BDESH),25,25,497,61,19.88,360,138.05,0,2,2,44,22,0
Shafiqullah (AFG),46,42,494,51,16.46,340,145.29,0,1,5,35,31,1
MJ Clarke (AUS),34,28,488,67,21.21,473,103.17,0,1,2,29,10,0
CJ Anderson (NZ),31,24,485,94,24.25,351,138.17,0,2,3,30,26,1
G Malla (NEPAL),24,23,482,107,20.95,389,123.9,1,1,1,46,21,0
C de Grandhomme (NZ),33,31,479,59,19.95,321,149.22,0,3,3,27,29,1
TP Visee (NL),27,27,478,78,17.7,316,151.26,0,3,4,65,17,0
MS Chapman (HKG/NZ),24,23,475,63,22.61,416,114.18,0,1,0,38,13,0
JDP Oram (NZ),36,30,474,66,20.6,339,139.82,0,2,3,38,22,1
GJ Bailey (AUS/World),30,26,473,63,24.89,346,136.7,0,2,1,37,20,1
BKG Mendis (SL),24,24,473,79,19.7,353,133.99,0,5,2,40,21,1
Gulbadin Naib (AFG),45,37,472,56,17.48,393,120.1,0,1,3,33,22,1
NJ O'Brien (IRE),30,28,466,50,17.92,475,98.1,0,1,0,40,7,0
AD Russell (WI),47,39,465,47,17.88,329,141.33,0,0,6,30,32,0
PM Seelaar (NL),69,40,464,96,16,423,109.69,0,1,1,31,8,0
JEC Franklin (NZ),38,31,463,60,20.13,391,118.41,0,2,2,28,23,0
CR Ervine (ZIM),22,21,461,68,23.05,454,101.54,0,3,1,43,13,0
A Vala (PNG),26,24,460,68,23,427,107.72,0,2,0,39,13,1
DJ Malan (ENG),9,9,458,103,57.25,293,156.31,1,5,0,47,20,1
JD Ryder (NZ),22,21,457,62,22.85,358,127.65,0,3,2,47,18,0
RE van der Merwe (NL/SA),43,29,454,75,26.7,345,131.59,0,2,4,36,13,1
Khawar Ali (OMAN),29,28,453,50,16.17,482,93.98,0,1,2,48,12,0
MD Gunathilaka (SL),21,21,452,57,21.52,365,123.83,0,2,0,49,12,0
Mohammad Ashraful (BDESH),23,23,450,65,19.56,356,126.4,0,2,2,48,11,0
Rameez Shahzad (UAE),22,21,449,54,24.94,404,111.13,0,1,2,37,13,0
Usman Ghani (AFG),19,19,445,73,24.72,407,109.33,0,3,0,44,12,1
Younis Khan (PAK),25,23,442,51,22.1,364,121.42,0,2,2,31,12,0
NR Kumar (CAN),18,16,434,83,31,336,129.16,0,3,1,34,13,0
MD Shanaka (SL),35,35,434,54,15.5,386,112.43,0,1,7,29,24,0
N Dickwella (SL),23,22,429,68,19.5,309,138.83,0,1,2,57,8,1
Muhammad Tanveer (QAT),15,15,428,57,38.9,331,129.3,0,4,0,36,22,0
PL Mommsen (SCOT),24,19,419,68,34.91,329,127.35,0,2,1,32,11,1
Syed Aziz (MAL),14,14,415,87,34.58,297,139.73,0,4,2,43,16,1
RR Pant (INDIA),26,24,409,65,20.45,336,121.72,0,2,3,28,18,0
Aqib Ilyas (OMAN),22,22,408,60,22.66,356,114.6,0,2,1,47,7,1
TH David (SGP),12,12,408,77,37.09,274,148.9,0,2,0,36,17,1
MG Erasmus (NAM),16,14,407,72,37,293,138.9,0,4,0,33,20,1
MW Machan (SCOT),13,13,407,67,40.7,318,127.98,0,3,0,37,7,1
WU Tharanga (SL),26,26,407,47,16.28,330,123.33,0,0,3,42,12,1
Sikandar Raza (ZIM),32,30,406,59,13.53,384,105.72,0,1,0,34,8,1
EC Joyce (ENG/IRE),18,15,405,78,33.75,431,93.96,0,1,0,30,5,1
TLW Cooper (NL),18,17,404,72,28.85,306,132.02,0,2,2,38,16,1
BJ Haddin (AUS),34,29,402,47,17.47,351,114.52,0,0,2,30,13,1
RT Ponting (AUS),17,16,401,98,28.64,302,132.78,0,2,2,41,11,0
HH Gibbs (SA),23,23,400,90,18.18,318,125.78,0,3,4,45,12,0
KD Karthik (ICC/INDIA),32,26,399,48,33.25,278,143.52,0,0,2,42,15,1
V Sehwag (INDIA),19,18,394,68,21.88,271,145.38,0,2,1,43,16,1
Abdul Razzaq (PAK),32,29,393,46,20.68,337,116.61,0,0,2,21,21,1
Rizwan Cheema (CAN),24,24,389,72,17.68,314,123.88,0,2,5,33,28,0
SJ Baard (NAM),13,13,387,92,35.18,305,126.88,0,4,1,32,13,1
AA Obanda (KENYA),30,28,381,79,14.65,362,105.24,0,1,5,49,7,1
CJA Amini (PNG),23,18,377,60,26.92,324,116.35,0,2,2,16,13,0
Mashrafe Mortaza (BDESH),54,39,377,36,13.46,277,136.1,0,0,6,28,23,1
AM Rahane (INDIA),20,20,375,61,20.83,331,113.29,0,1,2,32,6,1
J Rasu (VAN),13,13,374,74,28.76,338,110.65,0,2,0,27,16,0
Hussain Talat (PAK),14,14,371,63,28.53,309,120.06,0,2,1,35,5,1
Nasir Hossain (BDESH),31,24,370,50,18.5,326,113.49,0,2,2,30,7,0
JW Jenner (JER),17,17,365,71,24.33,299,122.07,0,3,2,24,14,0
PJ Moor (ZIM),21,19,364,92,24.26,286,127.27,0,1,0,22,24,0
Nasir Jamshed (PAK),18,18,363,56,21.35,320,113.43,0,2,1,34,12,0
NS Dhaliwal (CAN),12,11,361,69,40.11,291,124.05,0,3,0,22,16,1
Sharjeel Khan (PAK),15,15,360,59,24,262,137.4,0,2,0,48,13,0
L Ronchi (AUS/ICC/NZ),33,26,359,51,17.95,256,140.23,0,1,5,30,14,1
R Sandaruwan (KUW),10,10,358,103,39.77,216,165.74,1,2,2,29,24,0
S Bau (PNG),23,17,356,40,25.42,338,105.32,0,0,1,21,11,1
Anamul Haque (BDESH),13,13,355,58,32.27,301,117.94,0,1,1,38,12,1
KD Shah (HKG),26,22,351,79,18.47,340,103.23,0,2,3,26,10,0
SW Billings (ENG/ICC),26,23,348,87,17.4,255,136.47,0,2,1,33,11,1
S Chandramohan (SGP),12,12,348,66,31.63,292,119.17,0,3,3,33,15,0
OA Shah (ENG),17,15,347,55,24.78,284,122.18,0,1,0,26,13,1
SO Tikolo (KENYA),15,15,345,56,28.75,281,122.77,0,2,3,46,6,1
S Chanderpaul (WI),22,22,343,41,20.17,347,98.84,0,0,0,34,5,0
DM Bravo (WI),20,18,340,43,20,317,107.25,0,0,3,28,13,1
JM Vince (ENG),12,12,340,59,28.33,275,123.63,0,1,0,34,9,1
A Symonds (AUS),14,11,337,,48.14,199,169.34,0,2,2,33,10,1
N Davin (NAM),16,16,335,54,22.33,216,155.09,0,1,1,33,15,1
SA Edwards (NL),29,22,334,42,23.85,229,145.85,0,0,1,33,6,1
Asif Ali (PAK),25,24,331,41,18.38,258,128.29,0,0,1,15,19,0
Faisal Javed (QAT),15,15,330,61,22,212,155.66,0,2,1,45,11,0
SR Thompson (IRE),41,30,328,56,14.9,254,129.13,0,1,1,23,14,0
RJ Nicol (NZ),21,19,327,58,17.21,296,110.47,0,2,2,33,11,1
RR Rossouw (SA),15,14,327,78,29.72,237,137.97,0,2,2,29,12,1
Aamir Kaleem (OMAN),25,22,325,46,18.05,306,106.2,0,0,4,26,9,1
LE Bosman (SA),14,14,323,94,24.84,219,147.48,0,3,2,27,20,1
Anshuman Rath (HKG),20,19,321,44,18.88,344,93.31,0,0,1,31,2,0
N Vanua (PNG),25,22,321,54,22.92,211,152.13,0,1,4,12,23,1
TM Head (AUS),16,15,319,48,26.58,245,130.2,0,0,0,19,10,0
TL Seifert (NZ),19,18,316,84,18.58,228,138.59,0,1,2,22,21,1
BDH Stevens (JER),17,17,316,44,19.75,315,100.31,0,0,1,30,6,1
GJ Delany (IRE),17,15,314,89,26.16,206,152.42,0,2,0,28,12,0
N Nipiko (VAN),14,14,312,62,26,297,105.05,0,2,1,16,13,0
N Pooran (WI),16,16,312,58,24,247,126.31,0,2,1,24,17,0
R Powell (WI),23,18,311,54,20.73,250,124.4,0,2,1,26,13,1
Virandeep Singh (MAL),12,12,311,57,25.91,309,100.64,0,1,1,27,7,1
CR Brathwaite (WI),41,27,310,37,14.76,274,113.13,0,0,3,13,22,0
HH Pandya (INDIA),40,25,310,33,16.31,210,147.61,0,0,2,18,19,0
S Vesawkar (NEPAL),17,16,310,40,23.84,313,99.04,0,0,0,25,7,0
ML Hayden (AUS),9,9,308,73,51.33,214,143.92,0,4,0,37,13,0
NJ Ferraby (JER),14,14,303,81,23.3,257,117.89,0,1,2,38,2,0
Tamoor Sajjad (QAT),12,11,301,68,33.44,216,139.35,0,1,1,24,14,0
NL McCullum (NZ),63,41,299,36,11.5,297,100.67,0,0,4,19,8,1
RR Sarwan (WI),18,16,298,59,22.92,286,104.19,0,2,1,19,6,1
L Siaka (PNG),26,22,296,39,14.8,271,109.22,0,0,4,26,7,1
Kamran Khan (QAT),14,14,295,52,22.69,220,134.09,0,2,0,26,17,0
R Mutumbami (ZIM),22,19,294,54,19.6,251,117.13,0,1,1,19,15,1
B Bhandari (NEPAL),27,23,292,58,17.17,262,111.45,0,2,1,23,12,1
CA Lynn (AUS),18,16,291,44,19.4,221,131.67,0,0,1,28,14,1
HDRL Thirimanne (SL),26,20,291,44,16.16,267,108.98,0,0,1,27,5,0
AN Kervezee (NL),10,10,289,58,32.11,262,110.3,0,2,0,19,6,1
DS Airee (NEPAL),18,16,287,47,20.5,260,110.38,0,0,0,22,6,1
IA Karim (KENYA),16,16,286,71,22,299,95.65,0,2,2,30,2,0
A Bagai (CAN),9,9,284,67,40.57,249,114.05,0,2,0,27,0,1
Mohammad Shahzad (UAE),20,20,281,52,15.61,239,117.57,0,1,2,25,11,0
TC Bruce (NZ),15,15,279,59,21.46,222,125.67,0,2,0,24,7,1
SO Hetmyer (WI),20,18,279,56,16.41,223,125.11,0,1,2,19,17,0
TAM Siriwardana (SL),22,19,275,42,17.18,208,132.21,0,0,4,16,12,0
AC Gilchrist (AUS),13,13,272,48,22.66,192,141.66,0,0,0,27,13,0
Amjad Javed (UAE),22,18,271,76,18.06,242,111.98,0,1,1,17,15,1
MV Boucher (SA),25,21,268,36,17.86,275,97.45,0,0,0,22,2,0
Ravinderpal Singh (CAN),12,10,266,101,33.25,177,150.28,1,1,1,13,19,1
PK Matautaava (VAN),10,10,265,103,26.5,156,169.87,1,1,2,19,20,1
SR Taylor (USA),8,8,265,72,37.85,207,128.01,0,2,1,28,10,0
MJ Santner (NZ),39,27,263,37,15.47,205,128.29,0,0,3,22,7,0
Imad Wasim (PAK),41,29,261,47,13.05,180,145,0,0,6,28,7,1
DMW Rawlins (BMUDA),11,11,261,63,23.72,201,129.85,0,1,1,23,15,0
Adnan Idrees (KUW),6,6,259,80,43.16,157,164.96,0,3,0,35,9,0
T Taibu (ZIM),17,15,259,45,28.77,257,100.77,0,0,2,19,2,0
Adnan Ilyas (OMAN),12,11,258,54,23.45,218,118.34,0,1,0,16,8,0
Najeeb Tarakai (AFG),12,12,258,90,21.5,210,122.85,0,1,1,21,13,1
DM de Silva (SL),13,13,257,62,19.76,252,101.98,0,1,0,18,4,1
Manpreet Singh (SGP),12,12,255,42,23.18,222,114.86,0,0,0,15,5,1
SE Marsh (AUS),15,15,255,47,18.21,248,102.82,0,0,2,15,10,0
RP Burl (ZIM),16,13,254,57,25.4,221,114.93,0,1,0,16,10,1
HE van der Dussen (SA),9,8,254,64,31.75,192,132.29,0,2,1,14,12,0
Waqas Barkat (HKG),22,20,254,37,14.11,286,88.81,0,0,2,20,0,0
SF Mire (ZIM),9,8,253,94,31.62,196,129.08,0,2,0,23,13,1
GH Dockrell (IRE),73,33,251,34,13.21,207,121.25,0,0,4,14,7,1
DT Johnston (IRE),30,19,249,62,20.75,184,135.32,0,1,1,13,11,1
RV Uthappa (INDIA),13,12,249,50,24.9,211,118,0,1,1,26,6,0
CG Williams (NAM),13,12,249,68,27.66,210,118.57,0,1,1,15,10,1
JP Kotze (NAM),12,12,245,101,22.27,193,126.94,1,0,1,21,13,0
Mohamed Rishwan (Mald),11,10,245,67,24.5,245,100,0,2,0,22,10,0
CN Ackermann (NL),11,11,243,43,30.37,196,123.97,0,0,0,18,5,0
Muhammad Kashif (KUW),10,9,242,53,48.4,215,112.55,0,2,0,14,13,0
UT Khawaja (AUS),9,9,241,58,26.77,182,132.41,0,1,0,31,5,1
MA Leask (SCOT),31,22,240,58,12,199,120.6,0,1,2,16,12,0
SW Poynter (IRE),25,21,240,39,16,213,112.67,0,0,0,22,6,1
Aizaz Khan (HKG),30,27,239,31,11.95,234,102.13,0,0,4,19,4,0
MS Wade (AUS),26,17,239,72,19.91,218,109.63,0,1,0,11,9,0
Ashfaq Ahmed (UAE),12,12,238,75,19.83,185,128.64,0,3,2,32,6,1
SD Hope (WI),13,11,238,55,21.63,175,136,0,2,1,24,10,1
J Mubarak (SL),16,15,238,46,21.63,188,126.59,0,0,2,21,8,0
Khalid Latif (PAK),13,13,237,59,21.54,229,103.49,0,1,1,25,6,1
RE Levi (SA),13,13,236,117,21.45,167,141.31,1,1,3,20,15,0
YK Pathan (INDIA),22,18,236,37,18.15,161,146.58,0,0,3,11,17,1
MM Ali (ENG),25,22,235,72,14.68,198,118.68,0,1,6,21,9,1
F Damiao Couana (Moz),7,7,233,71,38.83,179,130.16,0,1,0,16,14,1
ES Szwarczynski (NL),14,12,233,45,21.18,243,95.88,0,0,0,22,2,0
HT Tector (IRE),14,12,233,60,25.88,176,132.38,0,1,0,20,5,0
BA Stokes (ENG),23,20,232,38,15.46,178,130.33,0,0,1,20,9,0
H Gori (CZK-R),7,7,231,66,33,176,131.25,0,1,0,23,12,1
JF Mooney (IRE),27,23,231,31,16.5,214,107.94,0,0,0,25,1,1
AR Cusack (IRE),37,21,229,65,15.26,177,129.37,0,1,1,17,6,0
Mohammed Rizlan (QAT),15,12,229,38,32.71,218,105.04,0,0,0,14,10,1
Aftab Ahmed (BDESH),11,11,228,62,22.8,178,128.08,0,1,0,26,6,1
T Mishra (KENYA),15,15,227,38,15.13,263,86.31,0,0,2,15,4,1
Rahmanullah Gurbaz (AFG),7,7,227,79,32.42,164,138.41,0,2,2,19,13,1
C Bisson (JER),14,14,226,54,18.83,177,127.68,0,1,3,24,5,1
SS Iyer (INDIA),14,13,226,62,22.6,178,126.96,0,1,1,18,9,0
I Udana (SL),27,19,226,84,22.6,152,148.68,0,1,2,15,13,0
DAS Gunaratne (SL),12,12,225,84,25,178,126.4,0,2,2,19,6,1
Inam-ul-Haq (QAT),11,11,225,73,25,205,109.75,0,1,1,28,2,0
GSNFG Jayasuriya (SL),16,14,225,40,16.07,203,110.83,0,0,0,17,8,1
Shafiq Sharif (MAL),10,10,225,53,22.5,171,131.57,0,1,2,32,5,1
MN van Wyk (SA),8,7,225,114,37.5,157,143.31,1,1,0,19,14,0
CAK Walton (WI),19,17,225,40,13.23,203,110.83,0,0,5,23,11,0
DG Blampied (JER),17,15,221,43,24.55,222,99.54,0,0,1,14,0,1
Sohaib Maqsood (PAK),20,18,221,37,13.81,201,109.95,0,0,2,15,8,1
H Patel (CAN),11,11,220,88,22,218,100.91,0,1,2,19,2,1
TG Southee (NZ),66,30,220,39,12.22,150,146.66,0,0,4,14,15,1
AD Poynter (IRE),19,14,219,57,19.9,184,119.02,0,1,1,21,8,1
Tanwir Afzal (HKG),21,18,219,56,13.68,173,126.58,0,1,4,9,15,1
TT Bresnan (ENG),34,22,216,47,16.61,170,127.05,0,0,3,16,6,1
CJ Jordan (ENG),43,25,216,36,15.42,166,130.12,0,0,2,16,11,0
DO Obuya (KENYA),10,10,216,65,27,228,94.73,0,2,1,22,4,1
MJG Rippon (NL),18,11,216,42,30.85,192,112.5,0,0,2,15,3,0
KMDN Kulasekara (SL),58,30,215,31,10.23,184,116.84,0,0,4,14,7,0
EMDY Munaweera (SL),13,13,215,53,17.91,164,131.09,0,1,1,25,7,0
B Ward (JER),13,12,215,58,23.88,160,134.37,0,1,1,8,15,1
S Prasanna (SL),20,20,214,37,15.28,161,132.91,0,0,0,13,13,1
S Wickramasekara (CZK-R),5,5,214,104,71.33,104,205.76,1,1,0,17,19,0
RG Aga (KENYA),20,18,213,52,13.31,196,108.67,0,1,0,15,5,0
Haroon Arshad (HKG),10,10,211,68,30.14,154,137.01,0,1,0,15,7,0
Haris Sohail (PAK),14,13,210,52,19.09,204,102.94,0,2,1,16,3,1
CA Ingram (SA),9,9,210,78,26.25,162,129.62,0,1,1,23,7,1
Khurram Nawaz (OMAN),18,13,210,58,21,179,117.31,0,1,0,11,10,0
Bilal Zalmai (Aut),5,4,208,111,69.33,109,190.82,1,0,0,16,16,1
Ghulam Shabber (UAE),17,14,208,58,18.9,182,114.28,0,1,0,24,4,1
BBJL Perera (ITA),8,7,208,67,34.66,144,144.44,0,1,0,23,8,0
BMAJ Mendis (SL),22,15,207,43,18.81,174,118.96,0,0,1,18,6,0
JJ Smit (NAM),12,10,206,59,25.75,128,160.93,0,1,0,10,14,1
DL Vettori (NZ),34,22,205,38,12.81,190,107.89,0,0,3,14,2,0
JM Kemp (SA),8,7,203,89,50.75,160,126.87,0,1,0,17,10,0
DS Smith (WI),6,6,203,61,33.83,161,126.08,0,2,0,22,5,0
Ahmed Faiz (MAL),10,10,202,45,22.44,179,112.84,0,0,0,14,6,0
JJ Atkinson (HKG),13,12,202,53,16.83,187,108.02,0,1,3,22,6,0
R Gunasekera (CAN),8,8,202,65,25.25,188,107.44,0,1,0,23,4,1
J Botha (SA),40,20,201,34,18.27,165,121.81,0,0,1,15,9,1
J Butler (GUE),9,8,201,65,28.71,214,93.92,0,1,0,20,1,0
KS Leverock (BMUDA),12,12,201,43,20.1,165,121.81,0,0,3,16,11,1
DM Gondaria (KENYA),11,9,199,85,28.42,157,126.75,0,1,0,12,6,0
R Panchal (ESP),9,8,199,71,39.8,185,107.56,0,1,0,9,7,1
Sompal Kami (NEPAL),28,19,198,40,15.23,176,112.5,0,0,1,15,7,0
Sohail Tanvir (PAK),57,25,196,41,11.52,164,119.51,0,0,2,16,9,0
Yasir Ali (ESP),9,9,196,57,32.66,183,107.1,0,1,1,11,9,0
Aarif Sheikh (NEPAL),11,10,194,39,24.25,181,107.18,0,0,0,18,4,0
Fawad Alam (PAK),24,17,194,28,17.63,169,114.79,0,0,1,7,7,1
Asad Shafiq (PAK),10,10,192,38,19.2,185,103.78,0,0,0,19,2,0
S Davizi (CZK-R),2,2,192,101,96,133,144.36,1,1,0,14,10,1
Mukhtar Ahmed (PAK),6,6,192,83,32,134,143.28,0,2,0,23,5,0
R Rohan (SGP),10,10,191,49,19.1,156,122.43,0,0,1,23,6,0
Ahmed Hassan (Mald),11,10,189,53,18.9,192,98.43,0,1,0,18,2,0
SR Patel (ENG),18,14,189,67,15.75,173,109.24,0,1,2,17,5,1
IR Bell (ENG),8,8,188,60,26.85,163,115.33,0,1,0,23,2,1
CD McMillan (NZ),8,7,187,57,31.16,117,159.82,0,1,0,8,14,1
SP Patil (UAE),18,13,187,37,14.38,218,85.77,0,0,3,16,4,1
JDS Neesham (NZ),18,15,185,42,16.81,131,141.22,0,0,1,19,8,1
Umar Adam (Mald),11,10,185,53,20.55,149,124.16,0,1,1,19,6,1
BJ Hodge (AUS),15,11,183,36,26.14,144,127.08,0,0,0,9,7,1
XM Marshall (USA/WI),13,13,183,36,14.07,185,98.91,0,0,2,13,6,1
Mosaddek Hossain (BDESH),14,13,183,34,20.33,173,105.78,0,0,1,10,5,1
Mohammad Rizwan (PAK),16,13,180,33,16.36,184,97.82,0,0,1,14,2,1
C Tommy (VAN),12,11,180,47,16.36,191,94.24,0,0,2,6,8,0
CAJ Meschede (GER),5,5,179,67,44.75,115,155.65,0,1,1,9,14,0
Nazimuddin (BDESH),7,7,178,81,25.42,158,112.65,0,1,2,13,10,1
Kaleem Shah (Moz),7,7,176,72,29.33,170,103.52,0,1,1,21,4,1
Mohammad Naveed (UAE),31,24,176,27,12.57,147,119.72,0,0,3,17,8,0
MR Marsh (AUS),11,11,175,36,21.87,151,115.89,0,0,0,7,9,1
LPC Silva (SL),16,15,175,38,13.46,177,98.87,0,0,0,19,3,1
NN Odhiambo (KENYA),24,20,174,41,9.66,177,98.3,0,0,3,17,4,1
L Vincent (NZ),9,9,174,42,19.33,174,100,0,0,1,17,3,1
Karan KC (NEPAL),25,16,173,40,15.72,126,137.3,0,0,2,9,12,0
Nouman Sarwar (QAT),14,9,172,47,57.33,128,134.37,0,0,1,16,6,0
IK Pathan (INDIA),24,14,172,33,24.57,144,119.44,0,0,0,9,7,1
HAM Shah (DEN),9,8,172,40,21.5,168,102.38,0,0,0,18,2,0
GD Elliott (NZ/World),17,15,171,27,15.54,157,108.91,0,0,0,12,2,0
Simi Singh (IRE),18,17,169,57,11.26,144,117.36,0,1,5,12,6,1
M Vijay (INDIA),9,9,169,48,18.77,154,109.74,0,0,1,13,8,0
ME Trescothick (ENG),3,3,166,72,55.33,131,126.71,0,2,0,23,1,1
DJ Willey (ENG),28,19,166,29,13.83,126,131.74,0,0,1,8,10,0
Umar Gul (PAK),60,27,165,32,9.16,156,105.76,0,0,6,11,10,0
Tarun Sharma (Mex),8,8,164,49,23.42,160,102.5,0,0,1,12,6,1
TN de Grooth (NL),15,13,163,49,20.37,155,105.16,0,0,0,16,1,0
RA Jadeja (INDIA),46,22,163,25,11.64,165,98.78,0,0,2,7,4,1
TWM Latham (NZ),13,10,163,39,16.3,157,103.82,0,0,0,12,2,1
PD Hennessy (ESP),8,7,162,71,23.14,132,122.72,0,1,1,11,7,1
H Davids (SA),9,9,161,68,17.88,134,120.14,0,2,2,18,4,0
NMS Param (SGP),8,7,160,72,32,118,135.59,0,1,0,12,6,1
RW Chakabva (ZIM),12,12,159,48,14.45,134,118.65,0,0,4,12,7,0
JP Faulkner (AUS),24,18,159,41,14.45,138,115.21,0,0,0,7,5,0
MC Henriques (AUS),11,8,159,62,31.8,122,130.32,0,2,0,8,7,1
Junaid Siddique (BDESH),7,7,159,71,22.71,108,147.22,0,1,1,16,7,0
A Mansale (VAN),14,14,159,38,11.35,151,105.29,0,0,4,14,5,0
Mohamed Arief (MAL),5,5,159,52,39.75,114,139.47,0,1,0,18,4,1
RR Watson (SCOT),10,9,159,54,17.66,141,112.76,0,1,1,22,1,0
JL Ontong (SA),14,10,158,48,15.8,109,144.95,0,0,1,6,11,1
Mudassar Bukhari (NL),38,26,157,28,8.72,152,103.28,0,0,1,10,4,0
HL Carlyon (JER),9,8,156,50,19.5,131,119.08,0,1,1,21,3,0
H Klaasen (SA),9,9,156,69,22.28,107,145.79,0,1,0,8,11,0
SP Narine (WI),51,23,155,30,10.33,138,112.31,0,0,2,13,5,0
NA Greenwood (JER),8,8,154,43,19.25,128,120.31,0,0,1,15,2,1
MR Adair (IRE),17,14,152,38,15.2,118,128.81,0,0,1,8,7,0
NG Collins (Fin),5,5,151,56,30.2,164,92.07,0,2,0,10,0,0
HD Rutherford (NZ),8,7,151,62,21.57,105,143.8,0,1,1,12,9,1
NM Coulter-Nile (AUS),28,15,150,34,13.63,120,125,0,0,3,10,10,1
Iftikhar Ahmed (PAK),6,6,150,62,75,104,144.23,0,1,0,14,4,1
Rashid Khan (AFG/ICC),45,22,149,33,13.54,124,120.16,0,0,4,9,9,1
VB Chikkannaiah (GER),7,7,148,70,24.66,167,88.62,0,1,0,10,2,0
WIA Fernando (SL),10,10,148,37,14.8,156,94.87,0,0,1,9,3,1
O Bascome (BMUDA),11,11,147,37,13.36,147,100,0,0,1,12,8,0
CD Wallace (SCOT),19,14,146,27,18.25,122,119.67,0,0,1,14,2,1
Karim Janat (AFG),21,13,145,26,13.18,140,103.57,0,0,2,11,6,1
Wahab Riaz (PAK),31,17,145,30,13.18,118,122.88,0,0,2,10,6,0
M Klinger (AUS),3,3,143,62,47.66,112,127.67,0,1,0,12,2,1
Mohammad Naim (BDESH),3,3,143,81,47.66,107,133.64,0,1,0,17,3,1
Ehsan Khan (HKG),15,10,142,42,35.5,128,110.93,0,0,0,9,7,1
KMA Paul (WI),18,12,142,29,20.28,123,115.44,0,0,0,8,8,1
Umar Amin (PAK),14,9,142,47,15.77,123,115.44,0,0,3,15,4,1
Faran Afzal (ESP),9,8,141,59,20.14,140,100.71,0,1,0,11,6,1
Sarfaraz Ali (BAH),4,4,141,59,35.25,87,162.06,0,1,0,17,8,1
S Periyalwar (ROM),4,4,140,105,70,91,153.84,1,0,1,15,6,1
GD Phillips (NZ),11,10,140,56,15.55,140,100,0,1,0,9,5,1
S Pokhriyal (CZK-R),5,4,140,79,35,131,106.87,0,1,0,23,2,1
Riazat Ali Shah (UGA),4,4,140,53,70,108,129.62,0,1,0,8,8,0
AC Voges (AUS),7,5,139,51,46.33,114,121.92,0,1,0,8,2,1
AC Douglas (BMUDA),10,9,138,47,17.25,131,105.34,0,0,0,10,8,1
LB Ferbrache (GUE),9,8,138,55,17.25,142,97.18,0,1,0,6,3,0
IJL Trott (ENG),7,7,138,51,23,144,95.83,0,1,0,9,3,1
KD Mills (NZ),42,19,137,33,11.41,123,111.38,0,0,4,11,5,1
HH Patel (MWI),7,6,137,44,27.4,104,131.73,0,0,0,17,3,0
R Tari (VAN),14,14,137,28,15.22,117,117.09,0,0,2,6,5,0
DF Watts (SCOT),11,9,137,46,15.22,127,107.87,0,0,2,13,3,1
AR White (IRE),18,12,137,29,22.83,128,107.03,0,0,0,12,2,0
Yusuf Ebrahim (PNM),3,3,137,72,68.5,97,141.23,0,1,0,14,5,0
MP Stoinis (AUS),19,14,136,33,15.11,117,116.23,0,0,1,14,2,0
Faisal Khan (Saudi),4,4,134,83,44.66,56,239.28,0,1,1,13,10,1
N Pathan (THAI),4,4,134,54,44.66,106,126.41,0,1,0,8,7,1
Faheem Ashraf (PAK),27,18,133,21,11.08,110,120.9,0,0,4,7,8,0
CH Morris (SA),23,13,133,55,14.77,102,130.39,0,1,3,12,5,0
Awais Ahmed (ESP),9,4,131,102,65.5,101,129.7,1,0,0,6,6,0
GEF Barnett (CAN),5,5,131,36,32.75,136,96.32,0,0,0,16,0,0
PBB Rajapaksa (SL),5,5,131,77,32.75,95,137.89,0,1,0,7,9,1
AC Botha (IRE),14,11,130,38,13,141,92.19,0,0,2,12,1,1
DDP D'Silva (UAE),10,8,130,29,32.5,146,89.04,0,0,1,9,0,1
SS McKechnie (HKG),10,10,130,44,18.57,137,94.89,0,0,1,9,1,0
Naeem Islam (BDESH),10,10,130,28,14.44,114,114.03,0,0,0,8,7,0
CT Mutombodzi (ZIM),13,12,129,32,14.33,133,96.99,0,0,2,9,2,0
SL Malinga (SL),79,30,128,27,7.11,153,83.66,0,0,6,9,4,0
Mirwais Ashraf (AFG),25,19,128,28,11.63,115,111.3,0,0,2,5,8,1
HR Walsh (USA/WI),13,9,128,28,16,129,99.22,0,0,0,8,3,1
CK Coventry (ZIM),13,12,127,30,12.7,90,141.11,0,0,2,14,6,0
PG Fulton (NZ),12,12,127,25,11.54,140,90.71,0,0,2,7,6,0
MA Ouma (KENYA),22,19,127,19,7.05,160,79.37,0,0,3,15,1,0
MJ Prior (ENG),10,8,127,32,21.16,100,127,0,0,1,11,5,1
MWR Stokes (GUE),9,7,127,29,18.14,152,83.55,0,0,0,10,0,1
Najjam Shahzad (PORT),4,3,126,53,126,97,129.89,0,1,0,4,10,1
AJ Redmond (NZ),7,6,126,63,21,84,150,0,1,0,19,2,1
JT Smuts (SA),8,8,126,45,15.75,114,110.52,0,0,1,14,5,0
AT Carey (AUS),25,13,125,37,13.88,101,123.76,0,0,0,10,4,1
Amir Mangal (GER),9,9,124,40,20.66,78,158.97,0,0,0,10,8,0
Mohammed Asghar (KUW),4,4,124,45,31,91,136.26,0,0,0,13,5,0
S Muniandy (MAL),15,13,124,27,13.77,103,120.38,0,0,2,7,7,1
BA Pai (GIBR),4,4,124,52,31,141,87.94,0,1,0,6,1,0
RJ Peterson (SA),21,12,124,34,15.5,113,109.73,0,0,1,13,2,0
R Ashwin (INDIA),46,11,123,31,30.75,115,106.95,0,0,0,14,1,0
AD Mascarenhas (ENG),14,13,123,31,15.37,100,123,0,0,3,8,5,1
SM Sharif (SCOT),42,18,123,26,13.66,100,123,0,0,2,8,3,1
AW Hawkins-Kay (JER),16,13,122,27,15.25,136,89.7,0,0,1,8,0,1
KM Jadhav (INDIA),9,6,122,58,20.33,99,123.23,0,1,0,12,3,1
Muhamad Syahadat (MAL),10,9,122,41,20.33,102,119.6,0,0,0,9,6,1
CN Onwuzulike (NGA),9,9,122,46,15.25,126,96.82,0,0,2,5,5,0
Shadab Khan (PAK),38,14,122,29,13.55,96,127.08,0,0,2,6,6,1
DAJ Bracewell (NZ),18,10,121,44,24.2,83,145.78,0,0,2,6,9,1
KH Pandya (INDIA),18,9,121,26,24.2,92,131.52,0,0,0,8,6,1
DR Martyn (AUS),4,4,120,96,30,74,162.16,0,1,0,11,5,0
Imrul Kayes (BDESH),14,13,119,36,9.15,134,88.8,0,0,4,14,3,0
AA Onikoyi (NGA),9,8,119,49,14.87,144,82.63,0,0,1,8,4,1
SCJ Broad (ENG),56,26,118,18,7.37,118,100,0,0,2,7,3,1
Sajid Cheema (Saudi),5,5,118,47,23.6,97,121.64,0,0,0,12,5,1
JE Taylor (WI),30,15,118,21,13.11,92,128.26,0,0,1,10,6,0
Mehran Khan (OMAN),19,13,117,29,10.63,106,110.37,0,0,1,7,5,1
Mohammad Mithun (BDESH),14,10,117,47,11.7,125,93.6,0,0,2,9,4,1
Naseem Khushi (OMAN),10,8,117,29,19.5,77,151.94,0,0,2,6,8,0
H Singh (GER),7,6,117,44,39,102,114.7,0,0,0,6,3,1
Ziaur Rahman (BDESH),14,12,117,40,13,91,128.57,0,0,3,3,10,1
Aritra Dutta (SGP),8,8,116,33,14.5,114,101.75,0,0,0,8,5,1
Shahzaib Hasan (PAK),10,10,116,35,11.6,130,89.23,0,0,3,13,3,1
K Motlhanka (Botsw),7,7,115,59,16.42,123,93.49,0,1,0,11,2,1
Sami Sohail (MWI),7,5,115,33,115,97,118.55,0,0,0,10,2,1
K Dasan (),3,3,114,74,38,108,105.55,0,1,0,10,2,1
S Kaveri (Mex),7,6,114,43,22.8,146,78.08,0,0,0,9,1,1
WD Parnell (SA),40,13,114,29,28.5,96,118.75,0,0,0,10,3,0
Chirag Suri (UAE),7,7,113,44,18.83,121,93.38,0,0,0,10,2,1
DL Maddy (ENG),4,4,113,50,28.25,80,141.25,0,1,0,12,3,1
M Abdulla (MWI),5,5,112,42,37.33,100,112,0,0,0,11,2,0
Fiaz Ahmed (BAH),4,4,112,62,56,72,155.55,0,1,1,6,8,0
SP Khakurel (NEPAL),8,8,112,56,14,139,80.57,0,1,0,10,1,0
JS Malhotra (USA),6,6,112,38,18.66,104,107.69,0,0,0,12,2,0
Mohammad Boota (UAE),16,12,112,20,14,100,112,0,0,1,7,5,1
Mudassar Muhammad (GER),7,7,112,30,16,135,82.96,0,0,0,5,3,1
AP Devcich (NZ),4,4,111,59,27.75,79,140.5,0,1,0,17,2,0
JO Holder (WI),17,11,111,26,12.33,84,132.14,0,0,2,10,4,1
Imran Ali Butt (BAH),4,4,111,58,27.75,101,109.9,0,2,2,5,6,1
JNK Shannon (IRE),8,8,111,60,13.87,84,132.14,0,1,1,12,5,0
SP Fleming (NZ),5,5,110,38,22,85,129.41,0,0,0,20,0,0
A Lark (Aut),5,4,110,43,27.5,121,90.9,0,0,1,15,0,0
Anwar Ali (PAK),16,11,109,46,15.57,77,141.55,0,0,0,6,6,1
MG Johnson (AUS),30,17,109,28,10.9,95,114.73,0,0,2,8,3,0
T van der Gugten (NL),39,11,109,40,15.57,81,134.56,0,0,1,4,6,0
Harbhajan Singh (INDIA),28,13,108,21,13.5,87,124.13,0,0,1,11,4,0
Mohammad Saifuddin (BDESH),13,9,108,39,18,95,113.68,0,0,0,9,3,1
B Zuiderent (NL),6,6,108,43,21.6,124,87.09,0,0,0,8,1,0
OGL Bascome (BMUDA),11,11,107,22,10.7,117,91.45,0,0,0,12,3,0
SO Ngoche (KENYA),28,18,107,38,8.23,118,90.67,0,0,2,5,4,0
GJ Thompson (IRE),10,8,107,44,15.28,108,99.07,0,0,2,14,1,1
V Vijh (LUX),4,4,107,64,53.5,119,89.91,0,1,0,13,1,1
K Doriga (PNG),17,11,106,43,10.6,103,102.91,0,0,0,3,3,1
NA Maiolo (ITA),8,7,106,39,17.66,104,101.92,0,0,0,11,2,0
MD Dai (PNG),9,8,105,31,13.12,128,82.03,0,0,0,4,0,1
OJ Hairs (SCOT),8,8,105,26,15,64,164.06,0,0,2,4,10,0
JR Hopes (AUS),12,7,105,30,21,98,107.14,0,0,0,7,1,0
ND Laegsgaard (DEN),9,8,105,39,15,96,109.37,0,0,0,11,2,1
M Mosehle (SA),7,6,105,36,21,65,161.53,0,0,0,6,9,0
Meet Bhavsar (KUW),9,7,104,38,17.33,88,118.18,0,0,0,10,1,1
LA Dunbar (Serb),2,2,104,104,104,62,167.74,1,0,1,5,10,0
Sultan Ahmed (OMAN),17,12,104,37,11.55,83,125.3,0,0,3,14,0,1
GP Swann (ENG),39,16,104,34,20.8,89,116.85,0,0,2,9,1,1
SM Davies (ENG),5,5,102,33,20.4,82,124.39,0,0,0,12,0,1
Rehman Abdul (ITA),7,5,102,37,51,103,99.02,0,0,0,7,3,0
Suraj Kumar (OMAN),13,9,102,42,14.57,89,114.6,0,0,0,9,3,1
LJ Tucker (IRE),14,11,102,22,10.2,99,103.03,0,0,1,10,1,1
Ammad Uddin (BAH),4,4,101,40,33.66,53,190.56,0,0,0,11,5,0
MNR Cooray (Mald),4,3,101,56,50.5,77,131.16,0,1,0,12,3,1
S Jora (NEPAL),6,6,101,53,20.2,83,121.68,0,1,1,5,4,1
AV Lalcheta (OMAN),17,10,101,20,12.62,82,123.17,0,0,0,9,4,1
B Lee (AUS),25,12,101,43,16.83,71,142.25,0,0,2,9,4,0
Mohammed Nurji (MWI),6,5,101,36,50.5,59,171.18,0,0,0,8,6,1
T Perera (Botsw),6,6,101,30,16.83,127,79.52,0,0,0,16,0,0
V Shankar (INDIA),9,4,101,43,25.25,73,138.35,0,0,0,11,5,0
S Dhaniram (CAN),11,9,100,26,11.11,123,81.3,0,0,0,6,2,1
Hamza Tariq (CAN),15,11,100,33,10,82,121.95,0,0,2,4,5,1
T Maruma (ZIM),13,13,100,23,11.11,109,91.74,0,0,1,6,4,0
BS Stephenson (Blz),3,3,100,48,33.33,72,138.88,0,0,0,9,7,0
BR Dunk (AUS),5,5,99,32,19.8,69,143.47,0,0,0,8,6,0
BFW de Leede (NL),8,7,98,33,16.33,114,85.96,0,0,0,4,2,1
Irfan Bhima (MWI),4,4,98,52,24.5,88,111.36,0,1,2,13,2,0
Janak Prakash (SGP),12,11,98,25,12.25,78,125.64,0,0,2,9,3,1
BR McDermott (AUS),12,10,98,32,14,105,93.33,0,0,2,6,2,0
TK Musakanda (ZIM),6,6,98,43,16.33,80,122.5,0,0,2,7,2,0
Amir Ali (OMAN),10,8,97,32,19.4,65,149.23,0,0,0,11,2,1
BOP Fernando (SL),3,3,95,78,48.5,73,132.87,0,1,0,10,3,0
